Month,Los Angeles Regular All Formulations Retail Gasoline Prices Dollars per Gallon
Mar 2025,4.426
Feb 2025,4.381
Jan 2025,4.163
Dec 2024,4.09
Nov 2024,4.167
Oct 2024,4.278
Sep 2024,4.286
Aug 2024,4.24
Jul 2024,4.412
Jun 2024,4.568
May 2024,4.914
Apr 2024,5.065
Mar 2024,4.719
Feb 2024,4.482
Jan 2024,4.351
Dec 2023,4.425
Nov 2023,4.779
Oct 2023,5.447
Sep 2023,5.481
Aug 2023,5.056
Jul 2023,4.735
Jun 2023,4.691
May 2023,4.635
Apr 2023,4.669
Mar 2023,4.694
Feb 2023,4.493
Jan 2023,4.265
Dec 2022,4.29
Nov 2022,5.032
Oct 2022,5.751
Sep 2022,5.216
Aug 2022,5.172
Jul 2022,5.775
Jun 2022,6.157
May 2022,5.749
Apr 2022,5.623
Mar 2022,5.594
Feb 2022,4.565
Jan 2022,4.473
Dec 2021,4.473
Nov 2021,4.464
Oct 2021,4.279
Sep 2021,4.188
Aug 2021,4.189
Jul 2021,4.15
Jun 2021,4.074
May 2021,3.968
Apr 2021,3.813
Mar 2021,3.7
Feb 2021,3.367
Jan 2021,3.146
Dec 2020,3.01
Nov 2020,2.973
Oct 2020,3.021
Sep 2020,3.056
Aug 2020,3.046
Jul 2020,3.005
Jun 2020,2.877
May 2020,2.68
Apr 2020,2.756
Mar 2020,3.204
Feb 2020,3.39
Jan 2020,3.415
Dec 2019,3.53
Nov 2019,3.854
Oct 2019,4.022
Sep 2019,3.614
Aug 2019,3.452
Jul 2019,3.574
Jun 2019,3.68
May 2019,3.909
Apr 2019,3.834
Mar 2019,3.263
Feb 2019,3.168
Jan 2019,3.134
Dec 2018,3.274
Nov 2018,3.552
Oct 2018,3.706
Sep 2018,3.512
Aug 2018,3.478
Jul 2018,3.521
Jun 2018,3.605
May 2018,3.64
Apr 2018,3.594
Mar 2018,3.507
Feb 2018,3.465
Jan 2018,3.312
Dec 2017,3.141
Nov 2017,3.29
Oct 2017,3.071
Sep 2017,3.171
Aug 2017,3.039
Jul 2017,2.936
Jun 2017,2.99
May 2017,3.056
Apr 2017,3.039
Mar 2017,3.036
Feb 2017,2.989
Jan 2017,2.861
Dec 2016,2.741
Nov 2016,2.802
Oct 2016,2.869
Sep 2016,2.782
Aug 2016,2.693
Jul 2016,2.906
Jun 2016,2.937
May 2016,2.843
Apr 2016,2.829
Mar 2016,2.752
Feb 2016,2.561
Jan 2016,2.972
Dec 2015,2.865
Nov 2015,2.847
Oct 2015,2.992
Sep 2015,3.268
Aug 2015,3.764
Jul 2015,4.062
Jun 2015,3.665
May 2015,3.894
Apr 2015,3.282
Mar 2015,3.406
Feb 2015,2.772
Jan 2015,2.578
Dec 2014,2.9
Nov 2014,3.209
Oct 2014,3.56
Sep 2014,3.755
Aug 2014,3.895
Jul 2014,4.088
Jun 2014,4.163
May 2014,4.223
Apr 2014,4.257
Mar 2014,4.019
Feb 2014,3.757
Jan 2014,3.661
Dec 2013,3.658
Nov 2013,3.614
Oct 2013,3.789
Sep 2013,3.982
Aug 2013,3.913
Jul 2013,4.085
Jun 2013,4.051
May 2013,4.042
Apr 2013,4.03
Mar 2013,4.256
Feb 2013,4.224
Jan 2013,3.72
Dec 2012,3.646
Nov 2012,3.876
Oct 2012,4.464
Sep 2012,4.182
Aug 2012,4.114
Jul 2012,3.815
Jun 2012,4.095
May 2012,4.36
Apr 2012,4.303
Mar 2012,4.431
Feb 2012,4.061
Jan 2012,3.777
Dec 2011,3.645
Nov 2011,3.847
Oct 2011,3.881
Sep 2011,3.955
Aug 2011,3.805
Jul 2011,3.847
Jun 2011,3.951
May 2011,4.218
Apr 2011,4.189
Mar 2011,3.98
Feb 2011,3.544
Jan 2011,3.363
Dec 2010,3.265
Nov 2010,3.161
Oct 2010,3.105
Sep 2010,3.006
Aug 2010,3.138
Jul 2010,3.136
Jun 2010,3.111
May 2010,3.111
Apr 2010,3.117
Mar 2010,3.086
Feb 2010,2.996
Jan 2010,3.062
Dec 2009,2.958
Nov 2009,3.006
Oct 2009,3.033
Sep 2009,3.128
Aug 2009,3.015
Jul 2009,2.89
Jun 2009,2.929
May 2009,2.483
Apr 2009,2.333
Mar 2009,2.183
Feb 2009,2.2
Jan 2009,1.978
Dec 2008,1.816
Nov 2008,2.523
Oct 2008,3.385
Sep 2008,3.758
Aug 2008,4.078
Jul 2008,4.482
Jun 2008,4.487
May 2008,3.94
Apr 2008,3.793
Mar 2008,3.549
Feb 2008,3.144
Jan 2008,3.226
Dec 2007,3.264
Nov 2007,3.31
Oct 2007,3.045
Sep 2007,2.855
Aug 2007,2.853
Jul 2007,3.083
Jun 2007,3.249
May 2007,3.425
Apr 2007,3.275
Mar 2007,3.041
Feb 2007,2.629
Jan 2007,2.541
Dec 2006,2.531
Nov 2006,2.459
Oct 2006,2.542
Sep 2006,2.909
Aug 2006,3.202
Jul 2006,3.257
Jun 2006,3.25
May 2006,3.365
Apr 2006,2.902
Mar 2006,2.617
Feb 2006,2.521
Jan 2006,2.389
Dec 2005,2.302
Nov 2005,2.565
Oct 2005,2.886
Sep 2005,2.962
Aug 2005,2.694
Jul 2005,2.521
Jun 2005,2.375
May 2005,2.483
Apr 2005,2.563
Mar 2005,2.34
Feb 2005,2.164
Jan 2005,2.003
Dec 2004,2.123
Nov 2004,2.324
Oct 2004,2.358
Sep 2004,2.072
Aug 2004,2.088
Jul 2004,2.199
Jun 2004,2.302
May 2004,2.283
Apr 2004,2.187
Mar 2004,2.151
Feb 2004,1.919
Jan 2004,1.698
Dec 2003,1.647
Nov 2003,1.691
Oct 2003,1.795
Sep 2003,2.047
Aug 2003,1.864
Jul 2003,1.698
Jun 2003,1.744
May 2003,1.831
Apr 2003,2.034
Mar 2003,2.088
Feb 2003,1.765
Jan 2003,1.56
Dec 2002,1.467
Nov 2002,1.525
Oct 2002,1.484
Sep 2002,1.553
Aug 2002,1.553
Jul 2002,1.558
Jun 2002,1.552
May 2002,1.533
Apr 2002,1.575
Mar 2002,1.443
Feb 2002,1.259
Jan 2002,1.122
Dec 2001,1.02
Nov 2001,1.209
Oct 2001,1.425
Sep 2001,1.575
Aug 2001,1.523
Jul 2001,1.769
Jun 2001,1.934
May 2001,1.962
Apr 2001,1.703
Mar 2001,1.611
Feb 2001,1.562
Jan 2001,1.509
Dec 2000,1.582
Nov 2000,1.646
Oct 2000,1.7
Sep 2000,1.682
Aug 2000,1.541
Jul 2000,1.597
Jun 2000,1.543