YearMonth,AWND,DAPR,MDPR,PRCP,SNOW,SNWD,TAVG,TMAX,TMIN,TOBS,Crude_Oil_Price,Gasoline_Price,Domestic_Passengers,International_Passengers,Total_Traffic
2006-01-01,5.08650406504065,0.0,0.0,77.08,0.0,,51.73716012084592,65.80233690360272,45.477495107632095,58.73579545454545,65.49,2.389,3315937,1440222,4756159
2006-02-01,4.305158371040724,0.0,0.0,93.06,0.0,,54.97402597402598,69.22043010752688,46.48223896663079,60.34185303514377,61.63,2.521,3045963,1204192,4250155
2006-03-01,5.24483870967742,13.0,2.93,97.01,0.0,,46.77712609970674,60.08286038592509,42.11451247165533,51.81385281385281,62.69,2.617,3711057,1379237,5090294
2006-04-01,5.277083333333334,0.0,3.67,89.87,0.0,,52.87878787878788,66.36587872559096,48.13991769547325,60.86217008797654,69.44,2.902,3683040,1404834,5087874
2006-05-01,5.250282258064516,18.0,0.92,23.54,0.0,,63.6891495601173,75.20864661654136,55.9906015037594,67.36827195467423,70.84,3.365,3743141,1434267,5177408
2006-06-01,5.312784810126582,0.0,0.0,0.42,0.0,,73.03333333333333,84.57932446264074,62.26509723643807,76.7005988023952,70.95,3.25,3994798,1515225,5510023
2006-07-01,5.28991935483871,0.0,0.0,1.94,0.0,,79.37243401759531,90.67395437262356,67.72387344199424,82.16129032258064,74.41,3.257,4236581,1683142,5919723
2006-08-01,5.076129032258064,3.0,0.01,0.22,0.0,,73.04105571847508,85.86407766990291,62.14839961202716,75.95778364116094,73.04,3.202,4128492,1616751,5745243
2006-09-01,4.549874476987448,0.0,0.0,0.23,0.0,,71.76666666666667,84.4577685088634,60.479666319082376,76.04,63.8,2.909,3386421,1321562,4707983
2006-10-01,4.259112903225806,0.0,0.0,2.08,0.0,,61.74153846153846,75.8443540183113,54.48367346938775,66.9768115942029,58.89,2.542,3598030,1300391,4898421
2006-11-01,3.5574583333333334,0.0,0.37,3.98,0.0,,60.46060606060606,74.13361169102296,52.10438413361169,65.56506849315069,59.08,2.459,3598667,1226392,4825059
2006-12-01,4.181330645161291,4.0,1.15,21.65,0.0,,53.07272727272727,67.14404145077721,44.91821946169773,58.52336448598131,61.96,2.531,3687799,1384533,5072332
2007-01-01,4.789146341463416,0.0,0.16,16.35,0.0,,49.31858407079646,63.50713606089439,42.84015223596575,56.41428571428571,54.51,2.541,3405786,1400030,4805816
2007-02-01,4.82436936936937,0.0,0.02,49.9,0.0,,51.896103896103895,66.25157894736842,45.87579617834395,58.39338235294117,59.28,2.629,3132949,1172344,4305293
2007-03-01,4.885714285714286,0.0,0.0,3.86,0.0,,58.60117302052786,72.87984496124031,49.92337536372454,64.51714285714286,60.44,3.041,3831056,1410758,5241814
2007-04-01,5.244135021097046,0.0,0.0,24.99,0.0,,57.54242424242424,70.66302186878728,49.90233545647558,63.06962025316456,63.98,3.275,3770188,1402926,5173114
2007-05-01,5.347782258064516,0.0,0.0,0.23,0.0,,62.9375,75.55081300813008,54.1413612565445,68.11258278145695,63.46,3.425,3836418,1420511,5256929
2007-06-01,4.843235294117648,0.0,0.0,0.0,0.0,,69.7741935483871,80.71897435897436,58.004123711340206,72.17910447761194,67.49,3.249,4109298,1517165,5626463
2007-07-01,4.743346774193548,0.0,0.0,0.74,0.0,,75.77538461538461,86.09664694280079,63.86210317460318,76.95253164556962,74.12,3.083,4338862,1713987,6052849
2007-08-01,4.503918367346939,0.0,0.0,0.7899999999999999,0.0,,76.60703812316716,88.44265809217578,64.60752688172043,78.177304964539,72.36,2.853,4291709,1647839,5939548
2007-09-01,4.327333333333333,0.0,0.0,30.49,0.0,,68.82781456953643,82.14189189189189,59.6768018018018,73.8313725490196,79.92,2.855,3436534,1369408,4805942
2007-10-01,3.918785425101215,0.0,0.0,14.67,0.0,,63.84193548387097,78.23874345549739,55.56932773109244,69.70163934426229,85.8,3.045,3685955,1384087,5070042
2007-11-01,2.9909166666666667,0.0,0.0,21.96,0.0,,59.81504702194357,71.91233435270132,51.91242362525458,62.61184210526316,94.77,3.31,3635609,1337446,4973055
2007-12-01,4.153709677419355,0.0,0.39,68.83,0.0,,49.16167664670659,62.42691903259727,43.13564668769716,54.49454545454545,91.69,3.264,3716251,1471467,5187718
2008-01-01,4.886975806451613,0.0,1.3,299.6,0.0,,48.43636363636364,61.30465587044535,44.01219512195122,54.64779874213836,92.97,3.226,3346971,1463844,4810815
2008-02-01,4.052586206896552,0.0,0.0,70.86,0.0,,51.6833855799373,65.28706624605678,45.05882352941177,57.31468531468531,95.39,3.144,3217623,1233787,4451410
2008-03-01,4.580322580645162,0.0,0.0,2.5700000000000003,0.0,,56.78299120234604,71.23829344432882,48.68574401664932,64.08032128514056,105.45,3.549,3750590,1483089,5233679
2008-04-01,4.708991596638655,0.0,0.0,0.92,0.0,,59.58787878787879,74.40020366598777,50.56109979633401,65.39862542955326,112.58,3.793,3572612,1377223,4949835
2008-05-01,5.088145161290322,0.0,0.0,20.8,0.0,,61.070381231671554,73.84652981427175,53.5126953125,66.20967741935483,125.4,3.94,3807792,1440195,5247987
2008-06-01,4.855208333333334,0.0,0.0,0.03,0.0,,72.7969696969697,84.18763557483732,60.25488069414317,73.36641221374046,133.88,4.487,4034316,1505557,5539873
2008-07-01,4.813629032258064,0.0,0.0,1.08,0.0,,74.79472140762464,85.7982740021575,63.25269978401728,75.70612244897958,133.37,4.482,4186909,1604659,5791568
2008-08-01,4.5375203252032525,0.0,0.0,0.09,0.0,,75.18181818181819,86.47064777327935,63.86363636363637,76.5523465703971,116.67,4.078,4122921,1592364,5715285
2008-09-01,3.985188284518829,0.0,0.0,1.0,0.0,,73.8036809815951,85.35555555555555,62.59427966101695,76.23076923076923,104.11,3.758,3192616,1272428,4465044
2008-10-01,3.732520325203253,0.0,0.0,2.15,0.0,,69.2834890965732,83.12058212058211,58.18087318087318,74.3903345724907,76.61,3.385,3408667,1272631,4681298
2008-11-01,3.187058823529412,6.0,0.2,83.78,0.0,,61.98769230769231,75.08879492600423,53.65433403805497,65.0,57.31,2.523,3114755,1161613,4276368
2008-12-01,3.3720564516129032,10.0,0.38,121.23,0.0,,49.54545454545455,62.22593718338399,43.394123606889565,55.04135338345865,41.12,1.816,3381284,1276304,4657588
2009-01-01,3.36008064516129,11.0,0.34,22.92,0.0,,56.80530973451327,69.87770562770562,48.61904761904762,60.54379562043796,41.71,1.978,3014383,1254006,4268389
2009-02-01,3.876517857142857,28.0,15.51,217.33,0.0,,50.36038961038961,63.81768558951965,45.02950819672131,56.606617647058826,39.09,2.2,2761601,1030099,3791700
2009-03-01,4.361585365853658,17.0,0.08,19.03,0.0,,53.733137829912025,67.53861386138614,47.01285855588526,60.26599326599327,47.94,2.183,3377779,1194316,4572095
2009-04-01,5.047958333333333,6.0,0.04,2.44,0.0,,57.23364485981308,71.56556556556556,49.41123370110331,64.27044025157232,49.65,2.333,3412972,1228496,4641468
2009-05-01,5.090685483870968,33.0,0.0,0.25,0.0,,67.0,78.08608608608608,57.197989949748745,70.68561872909699,59.03,2.483,3497204,1148652,4645856
2009-06-01,4.873500000000001,9.0,0.17,4.53,0.0,,63.875757575757575,74.6987951807229,57.01203610832498,68.75657894736842,69.64,2.929,3774227,1266264,5040491
2009-07-01,4.788508064516129,13.0,0.0,0.29,0.0,,77.01201201201201,86.77744209466263,63.73541247484909,77.59861591695501,64.15,2.89,4114999,1489411,5604410
2009-08-01,4.436935483870967,9.0,0.0,0.02,0.0,,74.34375,86.09877800407332,62.64460285132383,77.53448275862068,71.05,3.015,3967986,1469456,5437442
2009-09-01,3.829958158995816,19.0,0.0,0.01,0.0,,76.02222222222223,88.24662576687116,64.06388206388206,79.07755102040817,69.41,3.128,3285664,1225195,4510859
2009-10-01,4.199433198380567,30.0,0.14,66.07,0.0,,63.84587813620072,76.67711598746081,55.44050104384134,67.89349112426035,75.72,3.033,3493306,1268326,4761632
2009-11-01,3.1414166666666667,5.0,0.0,1.19,0.0,,60.701550387596896,73.46206115515288,50.77210884353742,63.8271186440678,77.99,3.006,3245576,1174133,4419709
2009-12-01,3.506204081632653,26.0,7.55,154.42,0.0,,51.27956989247312,63.18338727076591,45.4185544768069,55.94202898550725,74.47,2.958,3474216,1352576,4826792
2010-01-01,3.631612903225806,30.0,12.18,305.58,0.0,,53.378181818181815,66.36942675159236,47.217853347502654,59.303754266211605,78.33,3.062,3245075,1364645,4609720
2010-02-01,4.006073059360731,22.0,10.25,238.87,0.0,,51.035714285714285,64.7715976331361,46.2,58.944,76.39,2.996,2831926,1128393,3960319
2010-03-01,4.7914814814814815,26.0,1.75,28.57,0.0,,54.59498207885304,69.33449477351917,47.69141531322506,63.21621621621622,81.2,3.086,3532959,1279067,4812026
2010-04-01,5.686625,27.0,2.16,68.8,0.0,,53.67037037037037,67.655,47.86533665835412,63.50191570881226,84.29,3.117,3439845,1247101,4686946
2010-05-01,5.395483870967742,23.0,0.0,3.33,0.0,,59.34875444839858,72.16705607476635,51.41988304093567,65.44932432432432,73.74,3.111,3626471,1330125,4956596
2010-06-01,4.924666666666667,43.0,0.0,0.33,0.0,,66.96666666666667,77.73659673659674,57.229336437718274,70.31118881118881,75.34,3.111,3887760,1423634,5311394
2010-07-01,4.932701612903226,72.0,0.24,0.21,0.0,,72.06451612903226,82.11416026344676,61.09978070175438,74.3972602739726,76.32,3.136,4143874,1548987,5692861
2010-08-01,4.512040816326531,44.0,0.0,0.04,0.0,,73.32544378698225,84.4220572640509,60.67762460233298,76.03041825095058,76.6,3.138,4101959,1515887,5617846
2010-09-01,3.914915254237288,9.0,0.0,0.54,0.0,,72.66666666666667,84.6495633187773,60.07306434023991,75.41960784313726,75.24,3.006,3432692,1262703,4695395
2010-10-01,3.854072580645161,36.0,2.1100000000000003,90.06,0.0,,61.778461538461535,73.62363238512035,56.48087431693989,67.28163265306122,81.89,3.105,3682677,1305408,4988085
2010-11-01,4.106625,23.0,3.6,52.56,0.0,,55.65757575757576,69.24804469273742,48.50615901455767,62.57205240174672,84.25,3.161,3483901,1205181,4689082
2010-12-01,3.730443548387097,62.0,43.54,461.52,0.0,,52.64391691394659,63.89106753812637,46.908396946564885,57.324894514767934,89.15,3.265,3725006,1324851,5049857
2011-01-01,4.935161290322581,0.0,0.0,0.8099999999999999,0.0,,,68.74193548387096,49.61290322580645,,89.17,3.363,3311036,1352145,4663181
2011-02-01,6.567857142857143,0.0,0.0,1.47,0.0,,,63.32142857142857,47.285714285714285,,88.58,3.544,2989739,1131797,4121536
2011-03-01,7.338387096774194,0.0,0.0,4.04,0.0,,,64.45161290322581,51.41935483870968,,102.86,3.98,3634367,1317432,4951799
2011-04-01,8.180333333333333,0.0,0.0,0.0,0.0,,,68.1,55.43333333333333,,109.53,4.189,3681121,1347095,5028216
2011-05-01,8.82516129032258,0.0,0.0,0.53,0.0,,,68.6774193548387,56.16129032258065,,100.9,4.218,4027351,1449713,5477064
2011-06-01,7.629,0.0,0.0,0.02,0.0,,,68.86666666666666,58.66666666666666,,96.26,3.951,4139190,1492526,5631716
2011-07-01,8.080645161290322,0.0,0.0,0.0,0.0,,,73.29032258064517,63.354838709677416,,97.3,3.847,4419758,1651584,6071342
2011-08-01,6.985161290322581,0.0,0.0,0.0,0.0,,,72.90322580645162,62.32258064516129,,86.33,3.805,4311627,1606897,5918524
2011-09-01,6.912000000000001,0.0,0.0,0.01,0.0,,,72.06666666666666,61.8,,85.52,3.955,3605849,1374471,4980320
2011-10-01,6.054516129032258,0.0,0.0,0.63,0.0,,,70.87096774193549,58.064516129032256,,86.32,3.881,3745491,1379113,5124604
2011-11-01,5.592333333333333,0.0,0.0,1.69,0.0,,,67.03333333333333,51.23333333333333,,97.16,3.847,3626855,1238251,4865106
2011-12-01,4.530645161290322,0.0,0.0,0.67,0.0,,,64.19354838709677,45.80645161290322,,98.56,3.645,3638344,1390300,5028644
2012-01-01,4.884516129032257,0.0,0.0,1.19,0.0,,,69.54838709677419,49.2258064516129,,100.27,3.777,3501096,1412393,4913489
2012-02-01,6.548965517241379,0.0,0.0,0.12,0.0,,,65.34482758620689,48.793103448275865,,102.2,4.061,3293171,1163341,4456512
2012-03-01,7.699032258064515,0.0,0.0,1.78,0.0,,,64.19354838709677,50.064516129032256,,106.16,4.431,3880636,1371921,5252557
2012-04-01,7.777,0.0,0.0,1.51,0.0,,,66.43333333333334,52.96666666666667,,103.32,4.303,3782508,1378620,5161128
2012-05-01,7.49741935483871,0.0,0.0,0.01,0.0,,,68.09677419354838,58.0,,94.66,4.36,3971107,1441839,5412946
2012-06-01,7.679666666666666,0.0,0.0,0.0,0.0,,,70.0,60.56666666666667,,82.3,4.095,4181372,1558532,5739904
2012-07-01,7.425483870967742,0.0,0.0,0.0,0.0,,,71.61290322580645,61.64516129032258,,87.9,3.815,4505945,1684381,6190326
2012-08-01,7.130322580645161,0.0,0.0,0.0,0.0,,,78.0,66.48387096774194,,94.13,4.114,4452064,1641281,6093345
2012-09-01,6.456333333333333,0.0,0.0,0.0,0.0,,,78.7,65.76666666666667,,94.51,4.182,3634688,1419569,5054257
2012-10-01,6.559354838709678,0.0,0.0,0.15,0.0,,,76.35483870967742,61.64516129032258,,89.49,4.464,3802226,1389245,5191471
2012-11-01,6.174,0.0,0.0,1.31,0.0,,,69.73333333333333,55.63333333333333,,86.53,3.876,3666610,1277063,4943673
2012-12-01,6.147741935483872,0.0,0.0,2.8200000000000003,0.0,,,62.25806451612903,50.80645161290322,,87.86,3.646,3863784,1414729,5278513
2013-01-01,5.679354838709678,0.0,0.0,1.3,0.0,,,65.70967741935483,47.25806451612903,,94.76,3.72,3631094,1419642,5050736
2013-02-01,6.5025,0.0,0.0,0.2,0.0,,,64.75,47.46428571428572,,95.31,4.224,3301697,1180594,4482291
2013-03-01,6.559677419354839,0.0,0.0,0.66,0.0,,,65.3225806451613,53.03225806451613,,92.94,4.256,4136911,1408612,5545523
2013-04-01,8.382333333333333,0.0,0.0,0.06,0.0,,61.2,68.3,56.0,,92.02,4.03,3927687,1382810,5310497
2013-05-01,7.821935483870967,0.0,0.0,0.39,0.0,,65.61290322580645,72.54838709677419,60.483870967741936,,94.51,4.042,4210814,1503142,5713956
2013-06-01,7.404666666666666,0.0,0.0,0.0,0.0,0.0,66.6,73.1,62.73333333333333,,95.77,4.051,4507505,1607009,6114514
2013-07-01,7.345483870967742,0.0,0.0,0.03,0.0,,68.03225806451613,73.93548387096774,64.0,,104.67,4.085,4687811,1779236,6467047
2013-08-01,7.10741935483871,0.0,0.0,0.0,0.0,,67.54838709677419,74.12903225806451,63.064516129032256,,106.57,3.913,4571785,1758383,6330168
2013-09-01,6.874666666666667,0.0,0.0,0.0,0.0,,69.36666666666666,76.73333333333333,63.56666666666667,,106.29,3.982,3815427,1492826,5308253
2013-10-01,6.364193548387097,0.0,0.0,0.02,0.0,,65.19354838709677,73.12903225806451,58.32258064516129,,100.54,3.789,4046692,1469113,5515805
2013-11-01,5.526,0.0,0.0,0.69,0.0,,63.03333333333333,72.4,55.766666666666666,,93.86,3.614,3717072,1339933,5057005
2013-12-01,5.007096774193548,0.0,0.0,0.3,0.0,,58.61290322580645,69.41935483870968,48.58064516129032,,97.63,3.658,4259092,1510839,5769931
2014-01-01,4.553225806451613,0.0,0.0,0.0,0.0,,60.67741935483871,71.64516129032258,51.0,,94.62,3.661,3877670,1541947,5419617
2014-02-01,6.231071428571428,0.0,0.0,2.79,0.0,,58.85714285714285,66.78571428571429,52.642857142857146,,100.82,3.757,3483719,1282309,4766028
2014-03-01,7.388387096774193,0.0,0.0,0.36,0.0,,61.70967741935484,69.12903225806451,55.61290322580645,,100.8,4.019,4278435,1506686,5785121
2014-04-01,8.262,0.0,0.0,0.26,0.0,,61.93333333333333,69.76666666666667,55.5,,102.07,4.257,4230441,1529595,5760036
2014-05-01,8.161290322580646,0.0,0.0,0.0,0.0,,68.03225806451613,76.58064516129032,61.25806451612903,,102.18,4.223,4426610,1654332,6080942
2014-06-01,7.620999999999999,0.0,0.0,0.0,0.0,,66.66666666666667,72.43333333333334,62.766666666666666,,105.79,4.163,4764008,1758221,6522229
2014-07-01,8.045806451612902,0.0,0.0,0.14,0.0,,70.7741935483871,77.0,66.6774193548387,,103.59,4.088,4994632,1875636,6870268
2014-08-01,7.728387096774193,0.0,0.0,0.03,0.0,,70.25806451612904,76.64516129032258,65.83870967741936,,96.54,3.895,4835813,1881827,6717640
2014-09-01,7.218,0.0,0.0,0.02,0.0,,71.93333333333334,78.86666666666666,67.1,,93.21,3.755,4035850,1537647,5573497
2014-10-01,5.888064516129032,0.0,0.0,0.24,0.0,,69.06451612903226,77.19354838709677,62.74193548387097,,84.4,3.56,4321305,1544581,5865886
2014-11-01,5.8533333333333335,0.0,0.0,0.42,0.0,,64.56666666666666,73.6,56.266666666666666,,75.79,3.209,3969051,1411394,5380445
2014-12-01,5.642903225806452,0.0,0.0,4.04,0.0,,58.25806451612903,64.90322580645162,51.45161290322581,,59.29,2.9,4339239,1582571,5921810
2015-01-01,4.365161290322581,0.0,0.0,1.25,0.0,,59.2258064516129,68.7741935483871,50.87096774193548,,47.22,2.578,3928815,1593241,5522056
2015-02-01,6.071785714285714,0.0,0.0,0.27,0.0,,60.35714285714285,68.71428571428571,53.35714285714285,,50.58,2.772,3662062,1349731,5011793
2015-03-01,6.263870967741935,0.0,0.0,0.49,0.0,,63.67741935483871,73.25806451612904,55.70967741935484,,47.82,3.406,4520558,1600951,6121509
2015-04-01,8.128,0.0,0.0,0.11,0.0,,61.7,69.63333333333334,54.833333333333336,,54.45,3.282,4345205,1593110,5938315
2015-05-01,8.341612903225805,0.0,0.0,0.43,0.0,,60.32258064516129,66.2258064516129,55.83870967741935,,59.27,3.894,4622356,1741679,6364035
2015-06-01,7.606,0.0,0.0,0.01,0.0,,65.16666666666667,71.56666666666666,61.06666666666667,,59.82,3.665,4903331,1887034,6790365
2015-07-01,8.075161290322582,0.0,0.0,0.35,0.0,,69.25806451612904,75.38709677419355,65.2258064516129,,50.9,4.062,5179541,2095978,7275519
2015-08-01,7.323870967741935,0.0,0.0,0.0,0.0,,71.70967741935483,78.35483870967742,67.19354838709677,,42.87,3.764,5024078,2085096,7109174
2015-09-01,6.525333333333333,0.0,0.0,1.81,0.0,,74.16666666666667,81.2,69.0,,45.48,3.268,4283400,1743221,6026621
2015-10-01,6.862580645161291,0.0,0.0,0.1,0.0,,73.2258064516129,81.2258064516129,66.7741935483871,,46.22,2.992,4630920,1744132,6375052
2015-11-01,7.031333333333333,0.0,0.0,0.06,0.0,,62.333333333333336,72.06666666666666,52.36666666666667,,42.44,2.847,4460161,1566739,6026900
2015-12-01,7.0280645161290325,0.0,0.0,1.08,0.0,,57.32258064516129,66.06451612903226,48.58064516129032,,37.19,2.865,4655803,1739163,6394966
2016-01-01,6.047096774193549,0.0,0.0,2.94,0.0,,57.096774193548384,64.03225806451613,49.903225806451616,,31.68,2.972,4296107,1772602,6068709
2016-02-01,5.460689655172414,0.0,0.0,0.73,0.0,,62.41379310344828,73.41379310344827,52.62068965517241,,30.32,2.561,3960341,1506530,5466871
2016-03-01,8.43483870967742,0.0,0.0,1.4600000000000002,0.0,,60.12903225806452,67.06451612903226,53.903225806451616,,37.55,2.752,4737864,1738410,6476274
2016-04-01,8.179333333333334,0.0,0.0,0.29,0.0,,62.8,70.76666666666667,56.3,,40.75,2.829,4582178,1723711,6305889
2016-05-01,8.14,0.0,0.0,0.5900000000000001,0.0,,61.774193548387096,67.80645161290323,57.74193548387097,,46.71,2.843,4913801,1870200,6784001
2016-06-01,7.874,0.0,0.0,0.0,0.0,,66.16666666666667,73.16666666666667,61.3,,48.76,2.937,5409354,2089810,7499164
2016-07-01,8.27,0.0,0.0,0.0,0.0,,70.58064516129032,77.41935483870968,65.87096774193549,,44.65,2.906,5579257,2309730,7888987
2016-08-01,8.348709677419356,0.0,0.0,0.0,0.0,,69.45161290322581,76.09677419354838,65.03225806451613,,44.72,2.693,5355186,2239824,7595010
2016-09-01,7.785,0.0,0.0,0.01,0.0,,70.26666666666667,77.73333333333333,64.43333333333334,,45.18,2.782,4681347,1921766,6603113
2016-10-01,7.115161290322581,0.0,0.0,0.36,0.0,,67.3225806451613,75.54838709677419,60.96774193548387,,49.78,2.869,4932982,1932272,6865254
2016-11-01,6.165333333333334,0.0,0.0,1.11,0.0,,63.96666666666667,74.5,55.13333333333333,,45.66,2.802,4732890,1763228,6496118
2016-12-01,6.999354838709677,0.0,0.0,2.78,0.0,,57.87096774193548,65.80645161290323,50.483870967741936,,51.97,2.741,4862777,2009484,6872261
